{
	"frames": {
		"booksheet0.png": {
			"frame": {
				"x": 1,
				"y": 1,
				"w": 1312,
				"h": 32
			},
			"rotated": false,
			"trimmed": false,
			"spriteSourceSize": {
				"x": 0,
				"y": 0,
				"w": 1312,
				"h": 32
			},
			"sourceSize": {
				"w": 1312,
				"h": 32
			}
		},
		"booksheet1.png": {
			"frame": {
				"x": 1,
				"y": 35,
				"w": 1312,
				"h": 32
			},
			"rotated": false,
			"trimmed": false,
			"spriteSourceSize": {
				"x": 0,
				"y": 0,
				"w": 1312,
				"h": 32
			},
			"sourceSize": {
				"w": 1312,
				"h": 32
			}
		},
		"booksheet2.png": {
			"frame": {
				"x": 1,
				"y": 69,
				"w": 1312,
				"h": 32
			},
			"rotated": false,
			"trimmed": false,
			"spriteSourceSize": {
				"x": 0,
				"y": 0,
				"w": 1312,
				"h": 32
			},
			"sourceSize": {
				"w": 1312,
				"h": 32
			}
		},
		"booksheet3.png": {
			"frame": {
				"x": 1,
				"y": 103,
				"w": 1230,
				"h": 37
			},
			"rotated": false,
			"trimmed": false,
			"spriteSourceSize": {
				"x": 0,
				"y": 0,
				"w": 1230,
				"h": 37
			},
			"sourceSize": {
				"w": 1230,
				"h": 37
			}
		}
	},
	"meta": {
		"app": "http://www.codeandweb.com/texturepacker",
		"version": "1.0",
		"image": "spritesheet.png",
		"format": "RGBA8888",
		"size": {
			"w": 1314,
			"h": 141
		},
		"scale": "1"
	}
}