{
	"frames": {
		"tile000.png": {
			"frame": {
				"x": 1,
				"y": 1,
				"w": 194,
				"h": 156
			},
			"rotated": false,
			"trimmed": false,
			"spriteSourceSize": {
				"x": 0,
				"y": 0,
				"w": 194,
				"h": 156
			},
			"sourceSize": {
				"w": 194,
				"h": 156
			}
		},
		"tile001.png": {
			"frame": {
				"x": 197,
				"y": 1,
				"w": 194,
				"h": 156
			},
			"rotated": false,
			"trimmed": false,
			"spriteSourceSize": {
				"x": 0,
				"y": 0,
				"w": 194,
				"h": 156
			},
			"sourceSize": {
				"w": 194,
				"h": 156
			}
		},
		"tile002.png": {
			"frame": {
				"x": 393,
				"y": 1,
				"w": 194,
				"h": 156
			},
			"rotated": false,
			"trimmed": false,
			"spriteSourceSize": {
				"x": 0,
				"y": 0,
				"w": 194,
				"h": 156
			},
			"sourceSize": {
				"w": 194,
				"h": 156
			}
		},
		"tile003.png": {
			"frame": {
				"x": 589,
				"y": 1,
				"w": 194,
				"h": 156
			},
			"rotated": false,
			"trimmed": false,
			"spriteSourceSize": {
				"x": 0,
				"y": 0,
				"w": 194,
				"h": 156
			},
			"sourceSize": {
				"w": 194,
				"h": 156
			}
		},
		"tile004.png": {
			"frame": {
				"x": 785,
				"y": 1,
				"w": 194,
				"h": 156
			},
			"rotated": false,
			"trimmed": false,
			"spriteSourceSize": {
				"x": 0,
				"y": 0,
				"w": 194,
				"h": 156
			},
			"sourceSize": {
				"w": 194,
				"h": 156
			}
		},
		"tile005.png": {
			"frame": {
				"x": 981,
				"y": 1,
				"w": 194,
				"h": 156
			},
			"rotated": false,
			"trimmed": false,
			"spriteSourceSize": {
				"x": 0,
				"y": 0,
				"w": 194,
				"h": 156
			},
			"sourceSize": {
				"w": 194,
				"h": 156
			}
		},
		"tile006.png": {
			"frame": {
				"x": 1177,
				"y": 1,
				"w": 194,
				"h": 156
			},
			"rotated": false,
			"trimmed": false,
			"spriteSourceSize": {
				"x": 0,
				"y": 0,
				"w": 194,
				"h": 156
			},
			"sourceSize": {
				"w": 194,
				"h": 156
			}
		},
		"tile007.png": {
			"frame": {
				"x": 1373,
				"y": 1,
				"w": 194,
				"h": 156
			},
			"rotated": false,
			"trimmed": false,
			"spriteSourceSize": {
				"x": 0,
				"y": 0,
				"w": 194,
				"h": 156
			},
			"sourceSize": {
				"w": 194,
				"h": 156
			}
		},
		"tile008.png": {
			"frame": {
				"x": 1569,
				"y": 1,
				"w": 194,
				"h": 156
			},
			"rotated": false,
			"trimmed": false,
			"spriteSourceSize": {
				"x": 0,
				"y": 0,
				"w": 194,
				"h": 156
			},
			"sourceSize": {
				"w": 194,
				"h": 156
			}
		},
		"tile009.png": {
			"frame": {
				"x": 1765,
				"y": 1,
				"w": 194,
				"h": 156
			},
			"rotated": false,
			"trimmed": false,
			"spriteSourceSize": {
				"x": 0,
				"y": 0,
				"w": 194,
				"h": 156
			},
			"sourceSize": {
				"w": 194,
				"h": 156
			}
		},
		"tile010.png": {
			"frame": {
				"x": 1961,
				"y": 1,
				"w": 194,
				"h": 156
			},
			"rotated": false,
			"trimmed": false,
			"spriteSourceSize": {
				"x": 0,
				"y": 0,
				"w": 194,
				"h": 156
			},
			"sourceSize": {
				"w": 194,
				"h": 156
			}
		},
		"tile011.png": {
			"frame": {
				"x": 2157,
				"y": 1,
				"w": 194,
				"h": 156
			},
			"rotated": false,
			"trimmed": false,
			"spriteSourceSize": {
				"x": 0,
				"y": 0,
				"w": 194,
				"h": 156
			},
			"sourceSize": {
				"w": 194,
				"h": 156
			}
		}
	},
	"meta": {
		"app": "http://www.codeandweb.com/texturepacker",
		"version": "1.0",
		"image": "spritesheet.png",
		"format": "RGBA8888",
		"size": {
			"w": 2352,
			"h": 158
		},
		"scale": "1"
	}
}