{
	"frames": {
		"brownTile.png": {
			"frame": {
				"x": 1,
				"y": 1,
				"w": 97,
				"h": 96
			},
			"rotated": false,
			"trimmed": false,
			"spriteSourceSize": {
				"x": 0,
				"y": 0,
				"w": 97,
				"h": 96
			},
			"sourceSize": {
				"w": 97,
				"h": 96
			}
		},
		"frogBack.png": {
			"frame": {
				"x": 100,
				"y": 1,
				"w": 32,
				"h": 32
			},
			"rotated": false,
			"trimmed": false,
			"spriteSourceSize": {
				"x": 0,
				"y": 0,
				"w": 32,
				"h": 32
			},
			"sourceSize": {
				"w": 32,
				"h": 32
			}
		},
		"frogFront.png": {
			"frame": {
				"x": 100,
				"y": 35,
				"w": 32,
				"h": 32
			},
			"rotated": false,
			"trimmed": false,
			"spriteSourceSize": {
				"x": 0,
				"y": 0,
				"w": 32,
				"h": 32
			},
			"sourceSize": {
				"w": 32,
				"h": 32
			}
		},
		"grayTile.png": {
			"frame": {
				"x": 134,
				"y": 1,
				"w": 97,
				"h": 96
			},
			"rotated": false,
			"trimmed": false,
			"spriteSourceSize": {
				"x": 0,
				"y": 0,
				"w": 97,
				"h": 96
			},
			"sourceSize": {
				"w": 97,
				"h": 96
			}
		},
		"modernBack.png": {
			"frame": {
				"x": 1,
				"y": 99,
				"w": 24,
				"h": 24
			},
			"rotated": false,
			"trimmed": false,
			"spriteSourceSize": {
				"x": 0,
				"y": 0,
				"w": 24,
				"h": 24
			},
			"sourceSize": {
				"w": 24,
				"h": 24
			}
		},
		"modernFront.png": {
			"frame": {
				"x": 27,
				"y": 99,
				"w": 24,
				"h": 24
			},
			"rotated": false,
			"trimmed": false,
			"spriteSourceSize": {
				"x": 0,
				"y": 0,
				"w": 24,
				"h": 24
			},
			"sourceSize": {
				"w": 24,
				"h": 24
			}
		}
	},
	"meta": {
		"app": "http://www.codeandweb.com/texturepacker",
		"version": "1.0",
		"image": "spritesheet.png",
		"format": "RGBA8888",
		"size": {
			"w": 232,
			"h": 124
		},
		"scale": "1"
	}
}